model,release_date,source
ChatGPT-4o-latest (2024-09-03),2024-09-03,
o1-preview,2024-09-12,
o1-mini,2024-09-12,
Gemini-1.5-Pro-002,2024-09-24,
Gemini-1.5-Pro-Exp-0827,2024-08-27,
Grok-2-08-13,2024-08-13,
Yi-Lightning,2024-10-16,
GPT-4o-2024-05-13,2024-05-13,
GLM-4-Plus,,
GPT-4o-mini-2024-07-18,2024-07-18,
Gemini-1.5-Flash-Exp-0827,2024-08-27,
Gemini-1.5-Flash-002,2024-09-24,
Claude 3.5 Sonnet,2024-06-21,
Grok-2-Mini-08-13,2024-08-13,
Meta-Llama-3.1-405b-Instruct-bf16,2024-07-23,
Meta-Llama-3.1-405b-Instruct-fp8,2024-07-23,
Gemini Advanced App (2024-05-14),2024-05-14,
Yi-Lightning-lite,2024-10-16,
GPT-4o-2024-08-06,2024-08-06,
Qwen-Max-0919,2024-09-19,
Qwen2.5-72b-Instruct,2024-09-19,
Gemini-1.5-Pro-001,2024-05-24,
deepseek-ai/DeepSeek-V2.5,2024-09-06,
GPT-4-Turbo-2024-04-09,2024-04-09,
Mistral-Large-2407,2024-07-24,
Nexusflow/Athene-70B,2024-07-19,
GPT-4-1106-preview,2024-06-11,
Claude 3 Opus,2024-03-04,
Meta-Llama-3.1-70b-Instruct,2024-07-23,
GPT-4-0125-preview,2024-01-25,
Yi-Large-preview,,
Reka-Core-20240722,2024-07-22,
Qwen-Plus-0828,2024-08-28,
Gemini-1.5-Flash-001,2024-05-24,
Jamba-1.5-Large,2024-08-22,
Deepseek-v2-API-0628,2024-06-28,
Gemma-2-27b-it,2024-06-27,
princeton-nlp/gemma-2-9b-it-SimPO,2024-07-17,
Deepseek-Coder-v2-0724,2024-07-24,
Command R+ (08-2024),2024-08-24,
Yi-Large,2024-06-16,
Gemini-1.5-Flash-8B-001,2024-05-24,
nvidia/Nemotron-4-340B-Instruct,2024-06-14,
GLM-4-0520,2024-05-20,
Llama-3-70b-Instruct,2024-04-18,
Gemini-1.5-Flash-8b-Exp-0827,2024-08-27,
Reka-Flash-20240722,2024-07-22,
Claude 3 Sonnet,2024-03-04,
Reka-Core-20240501,,
Command R+ (04-2024),2024-04-04,
Gemma-2-9b-it,2024-06-27,
Qwen2-72B-Instruct,2024-06-07,
GPT-4-0314,2024-03-14,
GLM-4-0116,2024-01-16,
Qwen-Max-0428,2024-04-28,
Command R (08-2024),,
Claude 3 Haiku,2024-03-24,
deepseek-ai/DeepSeek-Coder-V2-Instruct,2024-05-06,
Jamba-1.5-Mini,2024-08-22,
Meta-Llama-3.1-8b-Instruct,2024-07-23,
Reka-Flash-Preview-20240611,2024-06-11,
GPT-4-0613,2024-06-13,
Qwen1.5-110B-Chat,2024-04-25,https://epochai.org/data/large-scale-ai-models?view=table
01-ai/Yi-1.5-34B-Chat,2024-05-13,
Mistral-Large-2402,2024-02-24,
Reka-Flash-21B-online,,
internlm/internlm2_5-20b-chat,,
Llama-3-8b-Instruct,2024-04-18,
Claude-1,2023-03-14,
Command R (04-2024),,
Mistral Medium,2023-12-11,
Reka-Flash-21B,2024-04-15,
Mixtral-8x22b-Instruct-v0.1,2024-04-17,
Qwen1.5-72B-Chat,2024-02-04,https://epochai.org/data/large-scale-ai-models?view=table
Gemma-2-2b-it,2024-06-27,
Claude-2.0,2023-07-11,
Gemini-1.0-Pro-001,2024-02-15,
HuggingFaceH4/zephyr-orpo-141b-A35b-v0.1,,
Qwen1.5-32B-Chat,2024-02-04,https://epochai.org/data/large-scale-ai-models?view=table
Mistral-Next,2024-02-16,
microsoft/Phi-3-medium-4k-instruct,2024-04-23,
Nexusflow/Starling-LM-7B-beta,,
Claude-2.1,2023-11-21,
GPT-3.5-Turbo-0613,2023-06-13,
Claude-Instant-1,2023-08-09,
01-ai/Yi-34B-Chat,2023-11-02,
Gemini Pro,2023-12-06,
GPT-3.5-Turbo-0314,2023-03-14,
Mixtral-8x7b-Instruct-v0.1,2023-12-11,
WizardLM/WizardLM-70B-V1.0,2023-08-09,https://www.reddit.com/r/LocalLLaMA/comments/15mgthr/introducing_the_newest_wizardlm70b_v10_model/
Qwen1.5-14B-Chat,2024-02-04,https://epochai.org/data/large-scale-ai-models?view=table
GPT-3.5-Turbo-0125,2024-01-25,
Meta-Llama-3.2-3b-Instruct,2024-09-25,https://ai.meta.com/blog/llama-3-2-connect-2024-vision-edge-mobile-devices/
DBRX-Instruct-Preview,2024-03-27,https://epochai.org/data/large-scale-ai-models?view=table
microsoft/Phi-3-small-8k-instruct,2024-04-23,
allenai/tulu-2-dpo-70b,2023-11-17,https://arxiv.org/abs/2311.10702
meta-llama/Llama-2-70b-chat-hf,2023-07-18,https://epochai.org/data/large-scale-ai-models?view=table
openchat/openchat-3.5-0106,2024-01-06,
lmsys/vicuna-33b-v1.3,2023-06-22,https://www.reddit.com/r/LocalLLaMA/comments/14g5lx6/vicuna33b_v13_has_been_released/
Snowflake Arctic Instruct,2024-04-24,https://replicate.com/snowflake/snowflake-arctic-instruct/readme
berkeley-nest/Starling-LM-7B-alpha,2023-11-15,https://starling.cs.berkeley.edu
NousResearch/Nous-Hermes-2-Mixtral-8x7B-DPO,2024-01-15,https://nousresearch.com/releases/
google/gemma-1.1-7b-it,2024-04-05,https://ai.google.dev/gemma/docs/releases
nvidia/Llama2-70B-SteerLM-Chat,2023-11-27,https://developer.nvidia.com/blog/announcing-helpsteer-an-open-source-dataset-for-building-helpful-llms/
pplx-70b-online,2023-11-29,
deepseek-ai/deepseek-llm-67b-chat,2024-01-05,https://epochai.org/data/large-scale-ai-models?view=table
openchat/openchat_3.5,2023-11-02,https://www.reddit.com/r/LocalLLaMA/comments/17m9a9v/well_now_its_just_getting_silly_open_chat_35_is/
teknium/OpenHermes-2.5-Mistral-7B,,
mistralai/Mistral-7B-Instruct-v0.2,,
microsoft/Phi-3-mini-4k-instruct,,
Qwen1.5-7B-Chat,2024-02-04,https://epochai.org/data/large-scale-ai-models?view=table
ehartford/dolphin-2.2.1-mistral-7b,,
GPT-3.5-Turbo-1106,2023-11-06,
upstage/SOLAR-10.7B-Instruct-v1.0,2023-12-13,https://build.nvidia.com/upstage/solar-10_7b-instruct/modelcard?utm_source=Facebook&utm_medium=Social&utm_campaign=20240626_solar_nvidia_nim_social&utm_content=solar_nvidia_nim
meta-llama/Llama-2-13b-chat-hf,2023-07-18,https://epochai.org/data/large-scale-ai-models?view=table
WizardLM/WizardLM-13B-V1.2,2023-07-25,https://huggingface.co/WizardLMTeam/WizardLM-13B-V1.2
Meta-Llama-3.2-1b-Instruct,2024-09-24,https://epochai.org/data/large-scale-ai-models?view=table
HuggingFaceH4/zephyr-7b-beta,,
mosaicml/mpt-30b-chat,2023-06-22,https://aimlapi.com/models/mpt-chat-30b
codellama/CodeLlama-70b-hf,2024-01-29,https://www.reddit.com/r/LocalLLaMA/comments/1ae0cfa/were_releasing_code_llama_70b_the_most_performant/
HuggingFaceH4/zephyr-7b-alpha,2023-10-14,https://clarifai.com/huggingface-research/zephyr/models/zephyr-7B-alpha
pplx-7b-online,2023-11-29,https://www.perplexity.ai/hub/blog/introducing-pplx-online-llms
tiiuae/falcon-180B-chat,,
codellama/CodeLlama-34b-Instruct-hf,2023-07-15,https://huggingface.co/codellama/CodeLlama-34b-Instruct-hf (estimate of July 2023)
lmsys/vicuna-13b-v1.5,2023-10-23,https://console.cloud.google.com/vertex-ai/publishers/lmsys/model-garden/lmsys-vicuna-7b
google/gemma-7b-it,2024-02-21,https://ai.google.dev/gemma/docs/releases
meta-llama/Llama-2-7b-chat-hf,2023-07-18,https://epochai.org/data/large-scale-ai-models?view=table
Phi-3-Mini-128k-Instruct,2024-04-23,https://replicate.com/microsoft/phi-3-mini-128k-instruct/versions
Qwen/Qwen-14B-Chat,2023-09-28,https://epochai.org/data/large-scale-ai-models?view=table
timdettmers/guanaco-33b-merged,,
google/gemma-1.1-2b-it,2024-04-05,https://ai.google.dev/gemma/docs/releases
togethercomputer/StripedHyena-Nous-7B,2023-12-08,https://www.together.ai/blog/stripedhyena-7b
allenai/OLMo-7B-Instruct,,
mistralai/Mistral-7B-Instruct-v0.1,2023-09-27,https://mistral.ai/news/announcing-mistral-7b/
lmsys/vicuna-7b-v1.5,2023-03-23,https://lmsys.org/blog/2023-03-30-vicuna/
PaLM-Chat-Bison-001,2023-07-10,https://console.cloud.google.com/vertex-ai/publishers/google/model-garden/chat-bison
google/gemma-2b-it,2024-02-21,https://ai.google.dev/gemma/docs/releases
Qwen1.5-4B-Chat,2024-02-04,https://qwenlm.github.io/blog/qwen1.5/
Koala-13B,2023-03-15,https://aimlapi.com/models/koala-13b (Estimate of March 2023)
THUDM/chatglm3-6b,,
nomic-ai/gpt4all-13b-snoozy,,
mosaicml/mpt-7b-chat,2023-05-05,https://huggingface.co/mosaicml/mpt-7b-chat
THUDM/chatglm2-6b,2023-06-25,https://github.com/THUDM/ChatGLM-6B/blob/main/README_en.md
BlinkDL/rwkv-4-raven,,
Alpaca-13B,2023-03-31,https://huggingface.co/chavinlo/alpaca-13b/commits/main
OpenAssistant/oasst-sft-4-pythia-12b-epoch-3.5,,
THUDM/chatglm-6b,,
lmsys/fastchat-t5-3b-v1.0,,
stabilityai/stablelm-tuned-alpha-7b,,
databricks/dolly-v2-12b,2023-06-30,https://huggingface.co/databricks/dolly-v2-12b
LLaMA-13B,2023-02-24,